a√±o,mes,dia,taxi,viajes_totales,distancia_total,distancia_prom,tarifa_total,tarifa_prom
2019,1,1,green,15433,59278.51,3.841023132249077,269440.34,17.458714443076527
2019,1,2,green,19900,79372.41,3.988563316582914,364589.71,18.32109095477387
2019,1,3,green,21931,85921.28,3.917800373899959,401273.7,18.297099995440245
2019,1,4,green,23123,88613.15,3.832251437962202,416698.39,18.02094840634866
2019,1,5,green,20810,71967.18,3.458297933685728,337079.39,16.197952426717926
2019,1,6,green,18745,71078.17,3.791846892504668,319708.13,17.05564843958389
2019,1,7,green,21365,83368.37,3.9021001638193296,390214.68,18.264202199859582
2019,1,8,green,21082,84808.8,4.022806185371407,396954.35,18.82906507921449
2019,1,9,green,22977,91291.09,3.97315097706402,430729.67,18.74612307960134
2019,1,10,green,24703,95124.03,3.8507076063636,453771.18,18.36907177265919
2019,1,11,green,25666,94124.97,3.6673018779708566,458387.58,17.85972025247409
2019,1,12,green,21973,77407.71,3.522855777545169,363644.36,16.54959996359168
2019,1,13,green,18507,69401.15,3.749994596639109,316179.39,17.084313502998867
2019,1,14,green,21534,83672.57,3.88560276771617,396411.78,18.408645862357204
2019,1,15,green,22453,91347.33,4.068379726539884,429841.52,19.14405736427204
2019,1,16,green,23512,94981.99,4.039723970738347,446663.89,18.997273307247365
2019,1,17,green,24640,95528.44,3.876965909090909,459406.4,18.64474025974026
2019,1,18,green,23966,90188.6,3.76318951848452,433421.22,18.08483768672286
2019,1,19,green,21318,72358.97,3.3942663476874,340901.93,15.991271695280982
2019,1,20,green,16122,52871.24,3.279446718769383,246940.08,15.316963155935987
2019,1,21,green,14340,49815.84,3.4739079497907945,230719.2,16.089205020920502
2019,1,22,green,21585,86147.71,3.991091498725968,408520.17,18.92611396803336
2019,1,23,green,23063,91931.32,3.986095477604822,435102.41,18.86582014482071
2019,1,24,green,23776,91794.46,3.860803331090175,445612.21,18.742101699192464
2019,1,25,green,26062,99217.3,3.806971836390147,480529.14,18.437922645998004
2019,1,26,green,23570,86134.07,3.6543941450997033,404367.91,17.15604200254561
2019,1,27,green,19355,74250.11,3.836223714802377,338866.55,17.507959183673467
2019,1,28,green,21998,89773.35,4.080977816165106,418684.3,19.03283480316392
2019,1,29,green,23165,90048.82,3.887279084826247,433358.05,18.707448737319236
2019,1,30,green,22780,83763.44,3.677060579455663,407870.91,17.904780948200177
2019,1,31,green,22538,82529.62,3.6617987399059366,402145.93,17.84301757032567
2019,2,1,green,26773,98438.73,3.676791170208792,481382.22,17.980137451910508
2019,2,2,green,23800,83219.72,3.4966268907563025,403455.3,16.951903361344538
2019,2,3,green,19806,77452.38,3.910551348076341,360296.26,18.191268302534585
2019,2,4,green,21861,90879.92,4.157171218151045,432353.55,19.77739124468231
2019,2,5,green,21655,92652.76,4.278585084276148,435737.86,20.121812976217964
2019,2,6,green,24371,97424.9,3.997574986664478,473464.74,19.427382544827868
2019,2,7,green,23848,97431.8,4.085533378061053,472980.41,19.83312688695069
2019,2,8,green,26061,99668.45,3.824429223744292,495145.93,18.99949848432524
2019,2,9,green,23917,85476.55,3.573882593970816,413085.47,17.27162562194255
2019,2,10,green,18997,73334.45,3.860317418539769,340904.42,17.945171342843604
2019,2,11,green,22001,87925.82,3.996446525157948,422235.4,19.191645834280266
2019,2,12,green,18380,68347.47,3.718578346028292,334200.0,18.18280739934712
2019,2,13,green,22976,90472.0,3.937674094707521,446408.75,19.429350191504177
2019,2,14,green,24520,96875.62,3.950881729200652,482565.47,19.68048409461664
2019,2,15,green,24314,95583.58,3.9312157604672207,473657.98,19.480874393353623
2019,2,16,green,21671,80504.62,3.71485487517881,382247.4,17.638659960315632
2019,2,17,green,18461,72620.25,3.933711608255241,335134.92,18.15367098207031
2019,2,18,green,15769,58179.79,3.689504090303761,274114.16000000003,17.38310355761304
2019,2,19,green,21865,92996.57,4.253216098788018,438301.98,20.04582574891379
2019,2,20,green,20438,78733.01,3.852285448674038,379067.95,18.54721352382816
2019,2,21,green,21867,87533.81,4.003009557781131,423631.14,19.37307998353684
2019,2,22,green,23820,93558.06,3.927710327455919,453824.93,19.05226406381192
2019,2,23,green,22112,82310.4,3.7224312590448623,391031.33,17.684123100578873
2019,2,24,green,17302,67768.98,3.916829268292682,314225.3,18.16121257658074
2019,2,25,green,21597,85807.55,3.9731235819789785,417002.79,19.308366439783303
2019,2,26,green,22479,90661.9,4.033182081053427,439957.84,19.57194893011255
2019,2,27,green,23011,89487.3,3.888892268914867,439525.97,19.100689670157752
2019,2,28,green,21840,84932.25,3.8888392857142855,404768.45,18.53335393772894
2019,3,1,green,23879,88419.81,3.702827170317015,439331.12,18.39822103103145
2019,3,2,green,19410,67295.18,3.4670365790829467,325081.85,16.74816331787738
2019,3,3,green,17884,66923.97,3.7421141802728695,312612.56,17.480013419816597
2019,3,4,green,16597,61420.83,3.7007188046032415,280446.99,16.89745074411038
2019,3,5,green,21753,84511.06,3.885030110789317,397516.35,18.274093228520204
2019,3,6,green,22745,86042.62,3.782924598812926,405371.39,17.822439657067488
2019,3,7,green,23339,88427.06,3.788811003042118,420145.02,18.001843266635248
2019,3,8,green,23422,86847.87,3.707961318418581,418369.48,17.86224404406114
2019,3,9,green,21722,76186.97,3.5073644231654546,359147.79,16.533826995672587
2019,3,10,green,16516,60118.61,3.6400224025187695,272085.42,16.47405061758295
2019,3,11,green,20157,79724.16,3.9551599940467335,389262.11,19.31151014535893
2019,3,12,green,20841,81860.05,3.927836956000192,400718.3,19.227402715800583
2019,3,13,green,22208,90266.38,4.064588436599424,438770.33,19.757309528097984
2019,3,14,green,22848,95723.04,4.189558823529412,464418.06,20.32642069327731
2019,3,15,green,23161,88630.11,3.826696170286257,442841.53,19.12013859505203
2019,3,16,green,22059,83019.23,3.7635083186001177,398967.96,18.08640282877737
2019,3,17,green,18321,72522.08,3.9584127503957207,337916.72000000003,18.44422902679985
2019,3,18,green,19420,79517.71,4.0946297631307935,378785.84,19.50493511843461
2019,3,19,green,20198,84361.62,4.176731359540549,406548.21,20.128141895237157
2019,3,20,green,20855,85631.38,4.106035962598898,410560.18,19.686414768640613
2019,3,21,green,21791,81423.09,3.7365467394796017,409645.18,18.79882428525538
2019,3,22,green,22563,83171.41,3.6861857908966007,415287.85,18.40570181270221
2019,3,23,green,21172,80239.71,3.7898975061401856,384268.3,18.14983468732288
2019,3,24,green,17257,69896.38,4.050320449672597,325057.39,18.83626296575303
2019,3,25,green,19415,79273.52,4.083106876126706,379027.46,19.522403296420293
2019,3,26,green,19890,78593.44,3.9514047259929614,381879.78,19.199586726998493
2019,3,27,green,20945,81887.12,3.909626163762234,399304.78,19.06444402005252
2019,3,28,green,21501,85745.88,3.987994976977815,419408.45,19.50646249011674
2019,3,29,green,21788,83312.33,3.823771342023132,409623.37,18.80041169451074
2019,3,30,green,21482,78704.27,3.663731030630296,380041.35,17.691153058374454
2019,3,31,green,17848,67487.93,3.7812600851636033,316664.08,17.742272523532048
2019,4,1,green,19835,75686.06,3.815783211494833,370341.46,18.67110965465087
2019,4,2,green,20641,79842.38,3.8681449542173354,392732.19,19.02680054260937
2019,4,3,green,21354,85242.6,3.991879741500422,420115.7,19.67386438138054
2019,4,4,green,22357,87825.52,3.928323120275529,438249.42,19.60233573377465
2019,4,5,green,23393,85101.05,3.63788526482281,433954.99,18.550634377805327
2019,4,6,green,21247,78197.78,3.680415117428343,382178.99,17.987433049371674
2019,4,7,green,18069,72635.12,4.019874923902817,341721.91000000003,18.91205434722453
2019,4,8,green,17798,61249.7,3.441381054051017,329849.6,18.53295875941117
2019,4,9,green,19085,66184.7,3.46789101388525,354137.26,18.55579041131779
2019,4,10,green,19312,67850.37,3.513378728251864,364312.26,18.864553645401823
2019,4,11,green,20265,70279.41,3.4680192450037013,378796.2,18.69213915618061
2019,4,12,green,21238,68793.63,3.239176476127696,377735.81,17.785846595724646
2019,4,13,green,19482,66101.12,3.3929329637614205,343928.7,17.653664921465968
2019,4,14,green,16182,55380.37,3.4223439624273886,281150.48,17.374272648621925
2019,4,15,green,18396,60973.32,3.314487932159165,329625.44,17.918321374211786
2019,4,16,green,18432,64298.99,3.4884434678819445,346122.33,18.778338216145837
2019,4,17,green,19245,67132.5,3.488308651597817,366677.05,19.05310730059756
2019,4,18,green,20012,67849.53,3.390442234659204,377416.07,18.85948780731561
2019,4,19,green,18352,60592.21,3.30166793809939,321465.57,17.51665050130776
2019,4,20,green,18455,59743.96,3.237277702519642,307592.21,16.667147656461665
2019,4,21,green,16066,56569.58,3.5210743184364497,282653.84,17.59329266774555
2019,4,22,green,16239,54333.28,3.3458513455262024,292326.79,18.00152657183324
2019,4,23,green,16863,59112.73,3.505469370811837,316807.35,18.787128624799852
2019,4,24,green,18018,64552.75,3.582681207681208,343850.54,19.08372405372405
2019,4,25,green,18972,65023.59,3.4273450347881087,354140.32,18.666472696605524
2019,4,26,green,19245,60586.78,3.1481829046505587,332548.7,17.279745388412575
2019,4,27,green,18674,61801.15,3.309475741672914,319718.8,17.121066723787084
2019,4,28,green,15590,53884.67,3.4563611289288003,272897.82,17.504670942912124
2019,4,29,green,17135,59693.26,3.4837035307849438,323628.02,18.886957688940765
2019,4,30,green,17867,61591.45,3.447218335478816,338866.35,18.966046342418984
2019,5,1,green,18886,62406.6,3.304384199936461,346651.14,18.354926400508315
2019,5,2,green,19479,63762.06,3.2733744032034497,358197.48,18.388904974588016
2019,5,3,green,20384,65765.87,3.226347625588697,369291.94,18.116755298273155
2019,5,4,green,19137,62903.48,3.287008413021895,331199.94,17.30678476250196
2019,5,5,green,15061,48675.6,3.2318969523935994,256079.57,17.00282650554412
2019,5,6,green,16394,57271.18,3.4934232036110773,310787.77,18.957409418079788
2019,5,7,green,17737,60631.67,3.418372329029712,327267.85,18.45113886226532
2019,5,8,green,18021,63682.66,3.533802785638977,341407.75,18.944994728372453
2019,5,9,green,18715,63638.74,3.4004135720010686,344839.79,18.425850387389797
2019,5,10,green,19253,65360.27,3.394809640056095,353015.51,18.335610554199345
2019,5,11,green,18362,60146.13,3.275576189957521,315118.44,17.161444287114694
2019,5,12,green,15951,51912.13,3.254474954548304,270905.47000000003,16.98360416274842
2019,5,13,green,17419,56934.9,3.268551581606292,315601.71,18.11824501980596
2019,5,14,green,17748,59611.15,3.358753098940726,325138.88,18.3197475771918
2019,5,15,green,17991,61605.51,3.4242404535601136,338287.78,18.80316713912512
2019,5,16,green,18797,64447.7,3.428616268553492,355024.48,18.887294781082087
2019,5,17,green,19397,65222.95,3.362527710470691,357193.58,18.41488786925813
2019,5,18,green,20296,67344.34,3.318108986992511,353468.13,17.415654808829327
2019,5,19,green,16419,54382.68,3.3121797917047324,280623.32,17.091377063158536
2019,5,20,green,16600,57903.47,3.488160843373494,308049.36,18.557190361445784
2019,5,21,green,17053,58837.66,3.450282061807307,317721.21,18.631396821673608
2019,5,22,green,17772,61875.49,3.481627841548504,335680.7,18.88817803286068
2019,5,23,green,18048,61804.31,3.424440935283688,337010.97000000003,18.673036901595747
2019,5,24,green,18308,62931.37,3.437370002184837,337131.01,18.414409547738693
2019,5,25,green,15782,52652.3,3.33622481307819,265879.62,16.847016854644533
2019,5,26,green,14213,47867.92,3.3678969957081546,241044.28,16.95942306339267
2019,5,27,green,11659,39629.74,3.3990685307487776,198468.6,17.02278068444978
2019,5,28,green,16613,57725.64,3.4747270210076446,305210.09,18.371762475170048
2019,5,29,green,17640,59132.84,3.3522018140589567,323058.46,18.3139716553288
2019,5,30,green,18207,60439.25,3.319561157796452,333058.44,18.292878563189984
2019,5,31,green,18068,62506.25,3.459500221385876,335564.4,18.5723046269648
2019,6,1,green,18435,61116.23,3.315228098725251,314892.09,17.081209113100083
2019,6,2,green,16032,56337.58,3.5140706087824354,281915.31,17.584537799401197
2019,6,3,green,16342,57818.64,3.538039407661241,305657.62,18.703807367519275
2019,6,4,green,12415,44157.95,3.556822392267418,227127.33,18.294589609343536
2019,6,5,green,15989,54623.58,3.416322471699293,287360.6,17.972393520545374
2019,6,6,green,17979,62484.71,3.475427443128094,318512.88,17.715828466544302
2019,6,7,green,19136,63623.41,3.324801943979933,330250.78,17.25808841973244
2019,6,8,green,18017,59476.56,3.30113559416107,295639.35,16.408911028473106
2019,6,9,green,15302,52738.14,3.4464867337602927,249378.34,16.297107567638218
2019,6,10,green,16204,54586.57,3.3687095778820044,272594.83,16.822687607998027
2019,6,11,green,16186,56984.96,3.520632645496108,287912.01,17.78771839861609
2019,6,12,green,17258,57923.56,3.3563309769382315,300037.27,17.38540213234442
2019,6,13,green,18489,60998.37,3.299170858348208,324290.99,17.539671696684515
2019,6,14,green,18826,62403.45,3.314748220546053,334469.04,17.766335918410707
2019,6,15,green,18255,61478.82,3.3677797863599013,315120.61,17.262153382634892
2019,6,16,green,15052,49731.81,3.304000132872708,254004.95,16.875162769067234
2019,6,17,green,15957,53314.4,3.341129284953312,281035.86,17.612073698063544
2019,6,18,green,16753,52852.68,3.154818838417,291386.22000000003,17.39307706082493
2019,6,19,green,17479,57863.48,3.3104571199725386,313002.53,17.90734767435208
2019,6,20,green,18042,58528.96,3.244039463474116,318068.94,17.629361489857
2019,6,21,green,18501,61274.52,3.311957191503162,334004.34,18.053312793903032
2019,6,22,green,17837,58841.79,3.298861355609127,302473.76,16.957658799125415
2019,6,23,green,15161,52220.61,3.4444040630565267,265147.67,17.488798232306575
2019,6,24,green,15757,54021.58,3.428417846036682,284613.1,18.06264517357365
2019,6,25,green,16259,53654.33,3.299977243372901,287334.15,17.672313795436374
2019,6,26,green,17089,56384.61,3.2994680788811515,306951.65,17.961943355374803
2019,6,27,green,17288,58039.65,3.3572217723276263,318562.31,18.42678794539565
2019,6,28,green,18685,60197.45,3.221699223976452,324315.34,17.356989028632594
2019,6,29,green,17287,55445.35,3.207343668652745,289085.82,16.72272921848788
2019,6,30,green,14173,47140.03,3.326044591829535,241286.74,17.024394270796584
2019,7,1,green,15074,50364.96,3.341180841183495,263658.59,17.490950643492106
2019,7,2,green,15271,50949.31,3.33634405081527,267373.91000000003,17.508605199397554
2019,7,3,green,16045,52965.93,3.3010863197257714,283893.73,17.693594889373635
2019,7,4,green,10191,33631.27,3.300095182023353,169343.84,16.61699931311942
2019,7,5,green,14160,45822.53,3.2360543785310734,233447.6,16.486412429378532
2019,7,6,green,14038,45472.11,3.2392157002422,228824.58,16.300368998432827
2019,7,7,green,13155,46004.15,3.4970847586469023,226163.93,17.192240973014062
2019,7,8,green,14468,48306.4,3.3388443461432127,252817.59,17.47425974564556
2019,7,9,green,15144,51978.61,3.432290676175383,271503.41000000003,17.928117406233493
2019,7,10,green,15821,52446.07,3.3149655521142787,280960.89,17.758731432905634
2019,7,11,green,17159,53566.3,3.121761174893642,294016.78,17.13484352234979
2019,7,12,green,17170,55357.61,3.224089108910891,292148.24,17.01504018637158
2019,7,13,green,17472,59263.29,3.3919007554945058,291973.4,16.710931776556777
2019,7,14,green,14003,47343.85,3.3809790759123044,238881.17,17.059285153181463
2019,7,15,green,14566,49264.18,3.382135109158314,257641.16,17.687845667993958
2019,7,16,green,15453,52274.1,3.382780042710153,277348.96,17.947903966867276
2019,7,17,green,17141,54423.48,3.1750469634210376,299063.41000000003,17.447255702701128
2019,7,18,green,16162,53128.4,3.2872416780101474,288072.22000000003,17.82404529142433
2019,7,19,green,17784,57469.64,3.231536212325686,309768.93,17.418405870445344
2019,7,20,green,15514,49887.24,3.2156271754544283,253894.72,16.365522753641873
2019,7,21,green,13143,43297.77,3.294359735220269,215250.31,16.37756296127216
2019,7,22,green,15284,49201.95,3.219180188432347,259583.94,16.98403166710285
2019,7,23,green,14660,50341.37,3.4339270122783083,266271.93,18.163160300136425
2019,7,24,green,15466,53743.24,3.474928229665072,286641.56,18.53365834734256
2019,7,25,green,15991,54068.34,3.381173159902445,290779.63,18.18395534988431
2019,7,26,green,16680,55279.0,3.3140887290167864,299313.46,17.944452038369306
2019,7,27,green,15805,53111.08,3.3603973426130973,273488.77,17.303939892439104
2019,7,28,green,13653,46693.74,3.420035157108328,237852.83,17.421286896652752
2019,7,29,green,14080,47063.53,3.3425802556818183,247992.01,17.613068892045455
2019,7,30,green,14878,49781.7,3.3459940852265087,265936.66,17.874489850786393
2019,7,31,green,15264,50398.42,3.301783280922432,274467.7,17.981374475890988
2019,8,1,green,16317,55662.7,3.411331739903168,297820.61,18.252167065024206
2019,8,2,green,16996,57562.44,3.386822781831019,305000.4,17.945422452341727
2019,8,3,green,15784,52322.14,3.314884693360365,268991.36,17.04202736948809
2019,8,4,green,13605,46583.19,3.423975744211687,238427.42,17.52498493201029
2019,8,5,green,13945,49270.03,3.5331681606310505,258132.86,18.51078235926856
2019,8,6,green,14605,52304.42,3.581268058883944,272544.21,18.66102088325916
2019,8,7,green,15406,51876.42,3.367286771387771,279006.85,18.110271971958976
2019,8,8,green,15929,54150.16,3.399470148785235,291353.3,18.290746437315587
2019,8,9,green,16379,55667.64,3.3987203125953966,297903.49,18.18813663837841
2019,8,10,green,15021,52621.83,3.503217495506292,265173.71,17.653532387990147
2019,8,11,green,9995,33379.82,3.3396518259129566,173334.12,17.34208304152076
2019,8,12,green,12749,44763.1,3.51110675347086,232314.21,18.22215154129736
2019,8,13,green,13804,46905.01,3.3979288611996523,249331.1,18.06223558388873
2019,8,14,green,14678,50786.31,3.460029295544352,268107.55,18.265945632920012
2019,8,15,green,15166,53159.9,3.505202426480285,279786.94,18.448301463800608
2019,8,16,green,15761,52477.93,3.3296066239451814,281428.67,17.856016115728696
2019,8,17,green,15182,51347.04,3.382099855091556,261398.28,17.217644579106835
2019,8,18,green,13093,45659.81,3.4873451462613607,231811.3,17.704979760177196
2019,8,19,green,13122,45529.68,3.469721079103796,241017.02,18.36739978661789
2019,8,20,green,13891,47877.59,3.446662587286732,253839.02,18.27363184795911
2019,8,21,green,14586,51750.42,3.5479514603044016,269536.07,18.479094337035512
2019,8,22,green,15461,53608.67,3.467348166354052,282254.39,18.255894832158337
2019,8,23,green,15260,50944.81,3.338454128440367,270762.81,17.743303407601573
2019,8,24,green,14248,50063.23,3.513702274003369,254256.56,17.845070185289163
2019,8,25,green,12206,42828.7,3.5088235294117647,217098.08,17.78617728985745
2019,8,26,green,13157,47431.71,3.605055103747055,244852.02,18.610019001292088
2019,8,27,green,13820,52946.65,3.831161360347323,270504.76,19.57342691751085
2019,8,28,green,14622,53059.26,3.628727944193681,277605.55,18.985470523868145
2019,8,29,green,15061,56305.78,3.7385153708253114,293186.29,19.466588539937582
2019,8,30,green,15794,56207.46,3.558785614790427,293080.87,18.556468912245155
2019,8,31,green,14016,51281.11,3.6587549942922375,256736.02,18.317353025114155
2019,9,1,green,12725,49479.61,3.888377996070727,243072.9,19.10199607072692
2019,9,2,green,9925,37606.1,3.789027707808564,183945.66,18.5335677581864
2019,9,3,green,14420,52439.31,3.636567961165048,276262.55,19.15829056865465
2019,9,4,green,15479,55987.23,3.616979779055495,299168.21,19.32736029459268
2019,9,5,green,15974,58450.56,3.659106047326906,310424.73,19.43312445223488
2019,9,6,green,16589,54927.0,3.311049490626319,302955.38,18.262425703779613
2019,9,7,green,15316,52290.27,3.4140944110733877,270746.73,17.677378558370332
2019,9,8,green,13175,49184.17,3.7331438330170776,250096.29,18.982640607210627
2019,9,9,green,14212,48771.76,3.4317309316070927,262852.34,18.49509850830285
2019,9,10,green,14661,51388.74,3.5051319828115406,265013.19,18.076065070595455
2019,9,11,green,15578,53754.69,3.450679804852998,291360.06,18.703303376556683
2019,9,12,green,16932,58233.45,3.4392540751240253,314848.57,18.594883652256083
2019,9,13,green,16714,56264.42,3.366304894100754,308544.47000000003,18.46024111523274
2019,9,14,green,15629,54618.33,3.494678482308529,280443.62,17.94379806769467
2019,9,15,green,13056,46306.43,3.54675474877451,237360.64,18.18019607843137
2019,9,16,green,14636,49909.18,3.410028696365127,268350.95,18.334992484285326
2019,9,17,green,14789,51877.07,3.507814591926432,281310.68,19.021616065994998
2019,9,18,green,15767,56483.59,3.582392972664425,301177.68,19.10177459250333
2019,9,19,green,16345,56221.89,3.43969960232487,307488.74,18.812403793208933
2019,9,20,green,17091,57532.69,3.366256509273887,317177.82,18.558177988414958
2019,9,21,green,16428,55533.59,3.3804230581933283,290535.96,17.685412710007306
2019,9,22,green,13525,48499.93,3.585946765249538,247252.52,18.28114750462107
2019,9,23,green,14862,51530.34,3.4672547436415018,278021.63,18.70687861660611
2019,9,24,green,15321,55734.88,3.637809542458064,296536.88,19.35492983486717
2019,9,25,green,16140,58003.66,3.593783147459728,312300.71,19.3494863692689
2019,9,26,green,16497,58759.94,3.5618560950475846,318069.26,19.280430381281445
2019,9,27,green,16789,57993.91,3.454280183453452,314345.01,18.723271785097385
2019,9,28,green,15088,52767.43,3.4973111081654293,270564.33,17.93241847826087
2019,9,29,green,12517,45115.71,3.604354877366781,230631.43,18.42545578013901
2019,9,30,green,12819,44857.27,3.4992799750370542,231366.1,18.048685544894298
2019,10,1,green,14268,49936.44,3.499890664423886,261193.62,18.30625315391085
2019,10,2,green,16047,56147.97,3.4989699009160597,303219.01,18.89568205895183
2019,10,3,green,16954,57644.25,3.400038339035036,315718.02,18.62203727733868
2019,10,4,green,17617,61542.6,3.493364363966623,334296.68,18.97580064710223
2019,10,5,green,16107,54633.43,3.3919060036009188,283589.28,17.606585956416467
2019,10,6,green,13257,47441.2,3.5785773553594327,240496.65,18.141106585200276
2019,10,7,green,14963,53225.54,3.5571436209316314,283544.56,18.94971329278888
2019,10,8,green,15534,54610.39,3.515539461825673,292431.77,18.825271662160425
2019,10,9,green,14868,51080.57,3.4356046542910947,272158.36,18.3049744417541
2019,10,10,green,16338,57555.39,3.522792875504958,320732.9,19.63109927775737
2019,10,11,green,17116,60025.41,3.50697651320402,327210.88,19.117251694321105
2019,10,12,green,15486,51981.07,3.3566492315639933,276061.42,17.826515562443497
2019,10,13,green,13078,46235.76,3.535384615384616,241825.59,18.491022327573024
2019,10,14,green,11148,39473.82,3.540888051668461,203809.36,18.282145676354503
2019,10,15,green,15043,55550.07,3.6927521106162335,294903.15,19.604011832746128
2019,10,16,green,16561,56760.54,3.427361874282954,311483.14,18.80823259465008
2019,10,17,green,16698,60756.92,3.638574679602348,323938.35,19.39982932087675
2019,10,18,green,17656,62865.22,3.5605584503851384,341660.17,19.35093849116448
2019,10,19,green,15794,54701.38,3.4634278840065846,286892.55,18.164654299100924
2019,10,20,green,12940,45017.76,3.478961360123648,233919.68,18.077255023183927
2019,10,21,green,14811,54729.53,3.695194787657822,292377.8,19.740584700560397
2019,10,22,green,15509,55325.52,3.567317041717712,300274.11,19.361281191566185
2019,10,23,green,15696,57535.12,3.6655912334352703,313716.77,19.987052115188582
2019,10,24,green,16202,59565.26,3.676414022960128,325878.47000000003,20.11347179360573
2019,10,25,green,16897,59870.1,3.543238444694324,327825.87,19.4014245132272
2019,10,26,green,15684,54491.53,3.474338816628411,289926.06,18.48546671767406
2019,10,27,green,11780,41906.94,3.55746519524618,218895.58,18.58196774193549
2019,10,28,green,14882,55044.35,3.69871993011692,295671.23,19.86770796935896
2019,10,29,green,15636,56559.92,3.6172883090304415,307622.35,19.67397991813763
2019,10,30,green,15640,58135.54,3.717106138107417,311732.44,19.93174168797954
2019,10,31,green,16144,57694.32,3.573731417244797,311277.67,19.28132247274529
2019,11,1,green,18096,60628.15,3.350361958443855,338018.24,18.67916887709991
2019,11,2,green,15658,52640.43,3.361887214203602,276332.61,17.648014433516412
2019,11,3,green,12103,41252.37,3.4084417086672727,217596.19,17.978698669751303
2019,11,4,green,15173,55214.81,3.639017333421208,296976.37,19.57268635075463
2019,11,5,green,14325,51689.76,3.608360209424084,271100.28,18.92497591623037
2019,11,6,green,15742,57359.79,3.643742218269597,311868.52,19.81123872443146
2019,11,7,green,16834,58342.78,3.465770464536058,322171.54,19.138145419983367
2019,11,8,green,17718,60536.42,3.416662151484366,332813.47000000003,18.783918613839035
2019,11,9,green,15662,51966.35,3.3179894010981994,270395.53,17.264431745626357
2019,11,10,green,12917,45198.19,3.4991244096926533,237153.78,18.359818843384687
2019,11,11,green,11912,40593.03,3.407742612491605,214635.85,18.018456178643387
2019,11,12,green,16243,57369.22,3.531934987379179,312686.98,19.250568244782368
2019,11,13,green,15878,55777.29,3.512866230003779,306003.72000000003,19.272182894571102
2019,11,14,green,16506,58401.69,3.538209741912032,316987.4,19.20437416696959
2019,11,15,green,17153,58143.41,3.389693348102373,323122.31,18.837655803649508
2019,11,16,green,15678,52268.55,3.3338786835055494,275701.95,17.58527554535017
2019,11,17,green,12929,45528.73,3.5214424936189963,237808.17,18.39339237373347
2019,11,18,green,15044,51137.47,3.3991936984844457,283283.28,18.83031640521138
2019,11,19,green,14977,52904.57,3.5323876610803238,291554.7,19.46682913801162
2019,11,20,green,16021,39730.25,2.479885774920417,307885.32,19.21760938767867
2019,11,21,green,16244,-140.4700000000007,-0.0086475006156119,318409.23,19.601651686776652
2019,11,22,green,17558,22390.91,1.2752540152636975,331068.41000000003,18.855701674450398
2019,11,23,green,15367,16477.579999999998,1.072270449664866,275743.35,17.94386347367736
2019,11,24,green,12169,20320.46,1.6698545484427645,218311.25,17.939949872627167
2019,11,25,green,14504,943.8199999999998,0.065073083287369,281377.4,19.399986210700497
2019,11,26,green,15173,32565.29,2.1462657351875043,303363.58,19.993645290977398
2019,11,27,green,15807,47803.33,3.024187385335611,297719.4,18.834655532359083
2019,11,28,green,11275,39518.24,3.504943680709534,216400.47,19.19294634146341
2019,11,29,green,11730,34076.03,2.905032395566922,199270.39,16.988098039215686
2019,11,30,green,13071,39379.95,3.0127725499196694,222989.57,17.05987070614337
2019,12,1,green,11145,32156.34,2.8852705248990578,186029.66,16.69175953342306
2019,12,2,green,13933,45471.71,3.2635979329649034,250928.59,18.009659800473695
2019,12,3,green,15252,52533.19,3.444347626540781,291868.86,19.13643194335169
2019,12,4,green,16076,56757.41,3.530567927345111,312820.05,19.45882371236626
2019,12,5,green,17277,136802.16999999998,7.918166927128551,340642.52,19.71653180529027
2019,12,6,green,17883,49592.84,2.773183470334955,341705.01,19.10781244757591
2019,12,7,green,16501,49347.66,2.9905860250893888,292545.43,17.7289515786922
2019,12,8,green,13306,42533.74,3.1965834961671424,248377.12,18.666550428378176
2019,12,9,green,15030,45562.4,3.031430472388556,289002.78,19.22839520958084
2019,12,10,green,15807,51029.28,3.2282710191687225,313503.51,19.833207439741887
2019,12,11,green,15955,51565.36,3.2319247884675653,310208.31,19.442701974302725
2019,12,12,green,17535,55191.08,3.147481037924152,342870.34,19.55348388936413
2019,12,13,green,18169,56284.14,3.097811657218339,340195.74,18.723966096097747
2019,12,14,green,16253,51673.82,3.179340429459177,296804.4,18.2615147972682
2019,12,15,green,13961,45315.09,3.2458341093044907,256481.89,18.371312226917844
2019,12,16,green,15398,49353.36,3.2051798934926614,293459.48,19.05828549162229
2019,12,17,green,15708,52190.2,3.322523554876496,299081.12,19.04005092946269
2019,12,18,green,16412,55838.75,3.4023123324396782,317760.48,19.361472093590056
2019,12,19,green,17295,58888.11,3.404921075455334,330137.06,19.08858398381035
2019,12,20,green,17326,58468.56,3.374613875101004,329499.44,19.017628996883296
2019,12,21,green,14758,50394.95,3.4147547093102046,266256.55,18.04150630166689
2019,12,22,green,11807,41913.49,3.549884814093334,220128.94,18.64393495384094
2019,12,23,green,13439,47129.77,3.5069402485303964,255421.18,19.00596621772453
2019,12,24,green,13128,42650.06,3.2487858013406457,228627.94,17.41529098110908
2019,12,25,green,7551,30991.35,4.104270957489074,149890.67,19.850439676863992
2019,12,26,green,11128,29560.78,2.656432422717469,204118.75,18.342806434219984
2019,12,27,green,12465,43891.83,3.5212057761732853,232724.96,18.67027356598476
2019,12,28,green,12129,42700.63,3.520540028031989,220779.04,18.20257564514799
2019,12,29,green,11040,38450.52,3.482836956521739,202781.74,18.367911231884055
2019,12,30,green,15055,57936.57,3.848327465958153,282559.44,18.76847824642976
2019,12,31,green,16510,60979.37,3.693480920654149,299605.93,18.146937007874016
2019,1,1,yellow,189432,671065.96,3.542516364711348,3211108.32,16.951245407322943
2019,1,2,yellow,198737,643724.5,3.2390772729788617,3351984.76,16.86643533916684
2019,1,3,yellow,223965,670797.39,2.9950991896055186,3578111.72,15.97620931842029
2019,1,4,yellow,236089,671178.58,2.842904921449114,3699512.52,15.66999106269246
2019,1,5,yellow,236506,633754.09,2.679653328033961,3381144.51,14.296231427532495
2019,1,6,yellow,208823,646225.39,3.094608304640772,3244994.04,15.539447474655567
2019,1,7,yellow,228816,660596.64,2.887021187329557,3643272.79,15.922281614922031
2019,1,8,yellow,237310,665699.96,2.8051913530824657,3736089.33,15.74349723989718
2019,1,9,yellow,255868,709141.65,2.771513632029015,4022395.4,15.720587959416571
2019,1,10,yellow,281863,775625.8,2.7517829583875857,4462998.8,15.833929249316157
2019,1,11,yellow,291714,798758.82,2.738157304757399,5250945.39,18.000320142331187
2019,1,12,yellow,265115,703582.68,2.6538772985308263,3889533.8,14.671119325575694
2019,1,13,yellow,227502,674544.88,2.9650063735703425,3481399.9,15.302722173871
2019,1,14,yellow,245082,696843.59,2.8433079132698444,3983683.96,16.25449425090378
2019,1,15,yellow,267370,745334.22,2.787650895762426,4244788.44,15.876083479821972
2019,1,16,yellow,272699,772512.01,2.832837707509012,4393662.45,16.111765903065287
2019,1,17,yellow,284580,796417.12,2.798570243868157,4589741.61,16.12812428842505
2019,1,18,yellow,266848,767893.14,2.8776424781148817,4290535.72,16.07857551864732
2019,1,19,yellow,236365,618446.82,2.616490681784528,3394270.2,14.360291075243795
2019,1,20,yellow,203114,557650.68,2.745505873548845,2875068.48,14.154949831129317
2019,1,21,yellow,192826,584190.19,3.0296235466171573,2947586.9,15.286252372605354
2019,1,22,yellow,255178,726900.92,2.8486034062497554,4099375.51,16.064768553715446
2019,1,23,yellow,261151,730119.63,2.7957757389403066,4581537.72,17.543634602203323
2019,1,24,yellow,281959,766788.51,2.719503580307775,4545488.61,16.12109778372033
2019,1,25,yellow,292499,816091.19,2.790064889110732,4686430.39,16.022039015518
2019,1,26,yellow,271993,704877.21,2.5915270245925446,3963217.44,14.571027342615436
2019,1,27,yellow,220451,685534.68,3.109691858961856,3514364.59,15.941704006786088
2019,1,28,yellow,241040,693757.02,2.8781821274477264,3828187.65,15.881960048124792
2019,1,29,yellow,259786,697360.27,2.68436432294273,4043289.84,15.563925076793977
2019,1,30,yellow,276774,722290.03,2.609674427511255,4226932.34,15.272143842991031
2019,1,31,yellow,284625,773079.15,2.716132279314888,4517258.7,15.870913306982873
2019,2,1,yellow,299198,807461.09,2.698751629355811,4739500.8,15.840683427028257
2019,2,2,yellow,267300,696026.45,2.603914889637112,4418061.61,16.528475907220354
2019,2,3,yellow,221420,689451.67,3.113773236383344,4032526.31,18.212114126998465
2019,2,4,yellow,233784,713266.89,3.0509653782979163,4454307.67,19.053090331245937
2019,2,5,yellow,253675,732145.0,2.886153542919089,4757209.74,18.7531673992313
2019,2,6,yellow,278326,775783.74,2.787320408441899,5213040.17,18.729979125198508
2019,2,7,yellow,276277,804757.69,2.9128653127115176,5326572.96,19.27982770914698
2019,2,8,yellow,289576,825922.95,2.852180256651104,5501200.0600000005,18.997430933502777
2019,2,9,yellow,277153,723425.5,2.610202667840507,4819053.13,17.387699682125035
2019,2,10,yellow,221805,694150.28,3.129551993868488,4113304.54,18.54468808187372
2019,2,11,yellow,236660,719117.89,3.038611890475788,4524303.59,19.11731424828868
2019,2,12,yellow,238094,620019.31,2.604094643292145,4205917.5200000005,17.6649454417163
2019,2,13,yellow,268810,781211.09,2.906183140508165,5257731.42,19.55928507123991
2019,2,14,yellow,272187,787474.15,2.8931365201130106,5241324.3,19.256335901420712
2019,2,15,yellow,257431,781817.79,3.03699939012784,5023740.04,19.51489929340289
2019,2,16,yellow,240557,669227.79,2.781992583878249,4243246.07,17.639254189235817
2019,2,17,yellow,212622,636072.03,2.991562632276999,3831590.84,18.02066973314144
2019,2,18,yellow,193460,641021.1,3.313455494675902,3646603.51,18.84939269099556
2019,2,19,yellow,235883,722337.28,3.0622693453958107,4599299.67,19.498224416342
2019,2,20,yellow,241835,681602.8,2.818462174623193,4471964.11,18.491798581677592
2019,2,21,yellow,253497,773446.29,3.0511062852814828,4982985.14,19.656978741365773
2019,2,22,yellow,264527,779911.25,2.9483238005950243,5038235.03,19.046203336521412
2019,2,23,yellow,253543,706954.87,2.788303640802546,4488395.2,17.702698161653053
2019,2,24,yellow,208959,681814.27,3.2629093267100244,3920539.69,18.76224374159524
2019,2,25,yellow,235334,715791.61,3.04159879150484,5161128.98,21.93108084679647
2019,2,26,yellow,263782,768008.98,2.911529141488047,5008664.71,18.98789420809608
2019,2,27,yellow,271820,800321.69,2.9443075932602456,5216972.86,19.192748362887205
2019,2,28,yellow,281229,834831.88,2.968512777842968,5498834.09,19.55287004540784
2019,3,1,yellow,282409,832561.28,2.9480692187571926,5382137.32,19.057952544005328
2019,3,2,yellow,252181,707219.62,2.804412782882136,4420255.47,17.528106677346827
2019,3,3,yellow,222455,694064.8,3.1200233755141493,4078466.82,18.333895934009124
2019,3,4,yellow,208760,663191.8,3.176814523855145,3954315.1,18.94191942900939
2019,3,5,yellow,269066,779210.28,2.8959819523834303,5126094.37,19.05143856897564
2019,3,6,yellow,286294,817996.56,2.8571907200290614,5474076.62,19.12047273082915
2019,3,7,yellow,292402,851610.45,2.9124645180265523,5666104.01,19.377788147823885
2019,3,8,yellow,285949,831255.89,2.9070075083319056,5683079.48,19.874451318242063
2019,3,9,yellow,271784,758592.3,2.7911587878609487,4900004.9,18.02904107673741
2019,3,10,yellow,229004,720539.64,3.146406350980769,4253870.94,18.575531169761227
2019,3,11,yellow,236522,734693.41,3.1062370942237933,4615024.72,19.51203152349464
2019,3,12,yellow,268108,770066.33,2.8722243648082117,5091502.64,18.99049129455294
2019,3,13,yellow,271747,805985.39,2.965940341567708,5260795.07,19.35916521617534
2019,3,14,yellow,280567,845603.13,3.0139080148413746,5536479.67,19.733181985051697
2019,3,15,yellow,285663,848301.95,2.9695898663810154,6607638.83,23.13088789937794
2019,3,16,yellow,270547,794454.78,2.9364760281947317,5047207.7700000005,18.65556731362758
2019,3,17,yellow,225801,751742.49,3.32922568987737,4374944.98,19.37522411326788
2019,3,18,yellow,223149,720819.02,3.230213982585626,4374777.18,19.60473575951494
2019,3,19,yellow,239390,734273.73,3.067269852541877,4641444.5,19.388631521784536
2019,3,20,yellow,251355,774602.05,3.0817053569652484,4929154.55,19.610330210260383
2019,3,21,yellow,275227,803287.47,2.9186361439829667,5411971.62,19.6636653380664
2019,3,22,yellow,272647,804358.0,2.950181003275297,5376161.69,19.71839664474577
2019,3,23,yellow,255369,739049.8,2.8940466540574623,4620009.13,18.09150339312916
2019,3,24,yellow,209991,721033.8,3.4336414417760763,4151092.93,19.76795638860713
2019,3,25,yellow,213061,707306.9,3.3197389480008077,4220740.97,19.81001201533833
2019,3,26,yellow,241293,737755.08,3.057507180067387,4683466.14,19.409871566933145
2019,3,27,yellow,252027,773792.78,3.0702773115578887,4948742.48,19.63576315236066
2019,3,28,yellow,261555,807934.02,3.088964156678328,5186567.86,19.829740819330546
2019,3,29,yellow,257890,782299.3,3.033461165613246,5030457.74,19.50621482027221
2019,3,30,yellow,250539,737416.28,2.9433193235384514,4623036.11,18.452361149361977
2019,3,31,yellow,223358,729519.73,3.266145515271448,4231919.64,18.946801278664744
2019,4,1,yellow,234376,750109.92,3.200455336723897,4594962.89,19.605091348943574
2019,4,2,yellow,258809,777108.28,3.0026323659532705,4992863.84,19.29169325641689
2019,4,3,yellow,265134,802935.11,3.02841246313185,5197174.74,19.602068161759718
2019,4,4,yellow,278632,854785.86,3.067795012776709,5566132.51,19.976644857733497
2019,4,5,yellow,293969,845464.61,2.876033221189989,5699100.23,19.38673883980964
2019,4,6,yellow,261612,751052.2,2.870862957356696,4770841.7,18.23632593306117
2019,4,7,yellow,224139,762561.17,3.402179763450359,4392630.58,19.597796813584427
2019,4,8,yellow,230319,738528.45,3.2065459210920504,4537135.99,19.69935606702009
2019,4,9,yellow,261942,764596.18,2.9189522107947563,4993853.29,19.06472917668797
2019,4,10,yellow,262869,786336.75,2.991363568925967,5139846.42,19.55288154936489
2019,4,11,yellow,275971,828507.25,3.002153305963308,5442756.5200000005,19.722204579466684
2019,4,12,yellow,281308,818462.23,2.9094879278228847,5433018.65,19.31341678871557
2019,4,13,yellow,263597,765134.22,2.9026666464337607,4819153.6,18.28227787114421
2019,4,14,yellow,225143,729285.86,3.2392117898402346,4286080.22,19.037146258155925
2019,4,15,yellow,248457,743370.26,2.991947338976161,4788280.09,19.272067560986407
2019,4,16,yellow,255826,771775.64,3.0167990743708617,5036682.74,19.687923588689188
2019,4,17,yellow,267212,776365.51,2.9054290600721524,5203881.16,19.474728530155836
2019,4,18,yellow,269101,807436.96,3.0004978056566123,5405281.84,20.086442785422573
2019,4,19,yellow,243751,721414.26,2.959636104057009,4566383.15,18.733802733116995
2019,4,20,yellow,212393,607917.48,2.86222935784136,3760723.45,17.706437829871984
2019,4,21,yellow,186535,625137.78,3.351316267724556,3518598.24,18.86293853700378
2019,4,22,yellow,213415,668668.42,3.133183796827777,4208761.83,19.72102162453436
2019,4,23,yellow,236598,725249.58,3.0653242208302687,4628209.7,19.561491221396636
2019,4,24,yellow,243910,741287.05,3.0391826903366,4812547.0200000005,19.73083112623509
2019,4,25,yellow,268203,809069.62,3.016631506731841,5329622.25,19.87159819241396
2019,4,26,yellow,253058,748333.23,2.957160927534399,4987789.12,19.710062989512288
2019,4,27,yellow,252071,750979.68,2.9792387065548995,4708585.25,18.679599200225333
2019,4,28,yellow,222079,738771.39,3.326615258534125,4255709.3,19.16304243084668
2019,4,29,yellow,230003,736163.22,3.2006679043316826,4936914.24,21.46456454915805
2019,4,30,yellow,255204,778269.51,3.049597616024827,5027410.75,19.69957661321923
2019,5,1,yellow,270871,812134.26,2.9982325904212708,5337814.8100000005,19.706114017373583
2019,5,2,yellow,279100,840446.72,3.0112745252597635,5583812.0600000005,20.006492511644574
2019,5,3,yellow,277103,837546.04,3.0225080204833583,5473627.65,19.75304363359473
2019,5,4,yellow,266758,756549.74,2.836090164118789,4807005.55,18.02009892861695
2019,5,5,yellow,237876,772615.37,3.2479752896467065,4537141.88,19.07355882896972
2019,5,6,yellow,228953,731815.63,3.196357462011854,4596485.55,20.076109725576863
2019,5,7,yellow,252003,740915.04,2.9401040463804,4890972.8,19.408391169946388
2019,5,8,yellow,258313,787174.65,3.047367534734992,5187480.04,20.082148556208946
2019,5,9,yellow,272005,816021.26,3.0000230142828257,5440918.0600000005,20.003007518244157
2019,5,10,yellow,266695,796342.39,2.9859667035377493,5216664.78,19.560414630945463
2019,5,11,yellow,253326,723448.68,2.855801141611994,4554406.32,17.978440112740106
2019,5,12,yellow,226194,708284.17,3.1313128111267323,4229131.45,18.6969214479606
2019,5,13,yellow,243099,727297.87,2.9917764778958365,4828006.86,19.860249774783117
2019,5,14,yellow,261385,750886.25,2.8727212732176675,5084676.5600000005,19.45282460737992
2019,5,15,yellow,258298,777517.65,3.0101574537936804,5226170.36,20.2331042439353
2019,5,16,yellow,263598,814973.58,3.0917289964263763,5487870.0,20.81908815696629
2019,5,17,yellow,272190,834295.38,3.065121349057644,5505950.39,20.22833458246078
2019,5,18,yellow,256873,771131.63,3.001995655440626,4853173.1,18.89327839048868
2019,5,19,yellow,222900,761329.7,3.415566173171826,4421375.9,19.835692687303727
2019,5,20,yellow,239062,772066.78,3.229567141578336,4844136.19,20.26309572412178
2019,5,21,yellow,255250,772032.75,3.0246141038197845,5077549.16,19.892455083251715
2019,5,22,yellow,262087,794640.32,3.03197152090718,5256376.75,20.05584691342951
2019,5,23,yellow,258871,777931.98,3.0050951245987383,5198918.62,20.083047618311824
2019,5,24,yellow,228356,723586.3,3.168676540139081,4564755.59,19.98964594755557
2019,5,25,yellow,185731,579955.92,3.122558538962263,3411412.21,18.367489595167203
2019,5,26,yellow,165205,544018.16,3.292988468872008,3068568.57,18.57430810205502
2019,5,27,yellow,146698,563900.61,3.843955677650684,2982574.66,20.331392793357782
2019,5,28,yellow,225473,687029.21,3.047057563433316,4415570.0,19.583586504814324
2019,5,29,yellow,246101,729170.09,2.9628895859829907,4909509.89,19.94916676486483
2019,5,30,yellow,258303,774138.01,2.997015172104079,5193969.3,20.10804868700712
2019,5,31,yellow,259391,804687.58,3.1022185812152308,5199142.46,20.043650165194627
2019,6,1,yellow,245609,734477.51,2.9904340231831896,4525406.15,18.42524561396366
2019,6,2,yellow,210071,711945.47,3.389070695145927,4180012.48,19.898093882544472
2019,6,3,yellow,228692,761388.13,3.3293168541094573,4695139.73,20.530406529305797
2019,6,4,yellow,228798,704339.32,3.0784330282607364,4410016.49,19.27471608143428
2019,6,5,yellow,254112,752904.8,2.962885656718297,4974115.8100000005,19.57450183383705
2019,6,6,yellow,262701,800434.82,3.046942417425133,5333413.53,20.30222012858725
2019,6,7,yellow,251328,758586.78,3.018313836898396,4995173.93,19.87511908740769
2019,6,8,yellow,230470,689816.9,2.9930876035926586,4253254.89,18.454700785351672
2019,6,9,yellow,191204,676704.54,3.5391756448609866,3817507.14,19.965623836321416
2019,6,10,yellow,222130,684884.06,3.0832578219961286,4379992.65,19.718149957232253
2019,6,11,yellow,240949,732896.73,3.04170895085682,4804451.39,19.93970255116228
2019,6,12,yellow,253262,759029.15,2.9970115927379557,5068696.18,20.01364665840118
2019,6,13,yellow,263734,767358.22,2.9095915581608742,5253640.7700000005,19.92022556818613
2019,6,14,yellow,243672,804050.95,3.299726476575068,4897926.07,20.1004878278998
2019,6,15,yellow,222174,666073.8,2.997982662237706,4069656.8,18.31743048241469
2019,6,16,yellow,188934,661005.84,3.4986071326494965,3727819.0,19.7308001736056
2019,6,17,yellow,216480,696353.72,3.216711566888396,4371151.71,20.19194248891353
2019,6,18,yellow,243375,695820.11,2.8590451361068308,4814256.97,19.78123048793015
2019,6,19,yellow,247813,742691.75,2.996984621468608,5013514.12,20.23103759689766
2019,6,20,yellow,256208,772002.22,3.0131854586898146,5192888.51,20.268252786798225
2019,6,21,yellow,249826,779133.61,3.11870505872087,5079281.75,20.33127756918816
2019,6,22,yellow,221976,688066.22,3.099732493602912,4210558.03,18.968528264316863
2019,6,23,yellow,201308,701100.53,3.4827256244163176,3997913.42,19.85968476165875
2019,6,24,yellow,219624,706564.03,3.2171530889156013,4779405.4,21.76176283102029
2019,6,25,yellow,242720,721471.97,2.972445492748846,4764435.62,19.62934912656559
2019,6,26,yellow,250875,752399.23,2.9991000697558543,5056912.88,20.157101664175386
2019,6,27,yellow,254927,774197.4,3.036937633126346,5218446.67,20.470356886481227
2019,6,28,yellow,243193,739633.5,3.041343706438919,4869414.8,20.02284111795981
2019,6,29,yellow,217029,641971.71,2.9579996682471004,4046652.35,18.64567569311014
2019,6,30,yellow,167832,605467.52,3.607580914247581,3509760.18,20.912341984841987
2019,7,1,yellow,193570,608805.49,3.14514382393966,3766563.96,19.458407604484165
2019,7,2,yellow,199033,574310.16,2.885502203152241,3732961.18,18.755488687805546
2019,7,3,yellow,180584,535709.45,2.966538840650334,3520433.37,19.494713651264785
2019,7,4,yellow,123988,414466.44,3.342794786592251,2311600.99,18.64374770139046
2019,7,5,yellow,142591,448095.05,3.1425198645075776,2645614.27,18.55386574187712
2019,7,6,yellow,153204,492786.94,3.21654095193337,2846848.43,18.582076381817707
2019,7,7,yellow,153038,594853.67,3.886967093140266,3207040.11,20.955841751721795
2019,7,8,yellow,190059,654088.43,3.4415020072714264,3911823.75,20.58215475194545
2019,7,9,yellow,216885,663719.24,3.060235793162275,4262992.7,19.655544182400813
2019,7,10,yellow,234399,689690.22,2.942376972598006,4547957.66,19.40263251976331
2019,7,11,yellow,239812,684896.34,2.8559719280102747,4728207.33,19.716308316514603
2019,7,12,yellow,218212,691868.43,3.1706250343702456,4485849.49,20.55729973603652
2019,7,13,yellow,212459,681599.52,3.2081461364310293,4109672.26,19.34336629655604
2019,7,14,yellow,177636,622919.93,3.506721216420096,3512124.31,19.771466988673467
2019,7,15,yellow,200576,647477.61,3.228091147495214,4027085.68,20.077604897894066
2019,7,16,yellow,230367,678694.14,2.94614306736642,4524558.84,19.64065530219172
2019,7,17,yellow,248650,689540.38,2.7731364568670824,4780306.7700000005,19.22504230846572
2019,7,18,yellow,237392,740303.47,3.118485332277414,4887577.53,20.588636221945137
2019,7,19,yellow,240829,741863.33,3.080456797146523,4784225.09,19.86565193560576
2019,7,20,yellow,199029,599403.63,3.01163966055198,3605907.62,18.11749855548689
2019,7,21,yellow,179183,591403.9,3.300558088657964,3397571.75,18.961462582945927
2019,7,22,yellow,214325,657384.84,3.067233593841129,4220186.66,19.690594471013647
2019,7,23,yellow,223183,692717.61,3.103809922798779,4445426.37,19.91830188679245
2019,7,24,yellow,231126,702955.08,3.0414366189870456,4617175.23,19.976875081124582
2019,7,25,yellow,237004,718056.31,3.0297223253615977,4772076.5600000005,20.135004303724838
2019,7,26,yellow,217086,671913.54,3.0951491114120677,4378370.91,20.168831292667424
2019,7,27,yellow,194629,601600.19,3.091010024199888,3630772.67,18.65483905276192
2019,7,28,yellow,176180,610469.59,3.4650334317175613,3476000.0300000003,19.72982194346691
2019,7,29,yellow,198030,624175.54,3.1519241529061257,3886509.33,19.625861384638693
2019,7,30,yellow,222568,644350.28,2.8950715287013407,4297782.62,19.30997546817153
2019,7,31,yellow,224507,654914.42,2.917122495066969,4433844.98,19.749250491076005
2019,8,1,yellow,233418,733732.55,3.143427456322992,4763718.95,20.40853297517758
2019,8,2,yellow,214845,661318.99,3.078121389839186,4238415.5,19.72778282017268
2019,8,3,yellow,191979,587557.03,3.0605276097906544,3588571.57,18.692521421613822
2019,8,4,yellow,171462,593650.91,3.462288495410062,3377539.73,19.69847388925826
2019,8,5,yellow,188658,610061.06,3.233687731238538,3766869.5,19.96665659553266
2019,8,6,yellow,215975,634247.26,2.936669799745341,4153950.45,19.23347818034495
2019,8,7,yellow,219463,630000.73,2.8706466693702355,4290896.51,19.551799209889595
2019,8,8,yellow,227620,714509.71,3.139046261312714,4655595.01,20.45336530181882
2019,8,9,yellow,209434,673990.62,3.218152830963454,4266626.99,20.372179254562298
2019,8,10,yellow,184045,588536.03,3.1977833138634573,3491053.54,18.968478035263114
2019,8,11,yellow,159208,578390.65,3.6329245389678912,3224856.88,20.255620823074217
2019,8,12,yellow,187310,608019.76,3.246061395547488,3702944.32,19.769069029950348
2019,8,13,yellow,206341,615164.6,2.9813008563494408,3964354.13,19.212634086294045
2019,8,14,yellow,213104,637439.93,2.991215228245364,4557347.38,21.38555531571439
2019,8,15,yellow,216393,663326.43,3.065378408728564,4268560.94,19.72596590462723
2019,8,16,yellow,201078,625548.18,3.110972756840629,3961745.92,19.70253294741344
2019,8,17,yellow,186367,581200.43,3.118580167089668,3489096.76,18.72164471177837
2019,8,18,yellow,170012,572665.99,3.368385702185728,3286053.6,19.328362703809145
2019,8,19,yellow,184378,610048.05,3.308681350269555,3711211.12,20.12827517382768
2019,8,20,yellow,201468,612979.28,3.042563980383982,3892893.17,19.322637689360096
2019,8,21,yellow,212750,633377.58,2.9770979083431257,4088195.17,19.21595849588719
2019,8,22,yellow,222657,666528.38,2.9935208863857863,4334117.18,19.46544317043704
2019,8,23,yellow,196726,632481.12,3.2150357349816496,3927228.94,19.962937994977786
2019,8,24,yellow,180635,577517.69,3.197152766628837,3412726.42,18.892941124366818
2019,8,25,yellow,163399,581972.54,3.5616652488693323,3261974.85,19.963248551092725
2019,8,26,yellow,171446,573173.29,3.343170969284789,3419010.17,19.942198534815628
2019,8,27,yellow,189623,595730.01,3.1416548098068278,3688927.13,19.45400679242497
2019,8,28,yellow,203276,621621.84,3.0580188512170645,3953056.11,19.44674290127708
2019,8,29,yellow,197960,638469.43,3.225244645382906,3957390.44,19.990858961406342
2019,8,30,yellow,189234,619544.39,3.2739591722417747,3751210.37,19.8231309912595
2019,8,31,yellow,162587,533517.11,3.2814253907138946,3061593.95,18.83049659566878
2019,9,1,yellow,148542,521277.12,3.509291109585168,2916218.44,19.632282048174925
2019,9,2,yellow,135743,511188.12,3.765852530148884,2754723.11,20.293666045394605
2019,9,3,yellow,198630,643949.93,3.2419570558324526,3991704.12,20.09617942908926
2019,9,4,yellow,225077,658744.59,2.92675213371424,4364814.55,19.39253921991141
2019,9,5,yellow,240782,706640.5,2.9347729481439644,4723665.0600000005,19.61801571546046
2019,9,6,yellow,239038,691649.14,2.8934694065378728,4733810.43,19.803589512964464
2019,9,7,yellow,214843,626593.3,2.9165171776599657,4015083.96,18.68845603533743
2019,9,8,yellow,193053,654966.97,3.392679575038979,3852470.1,19.95550496495781
2019,9,9,yellow,213045,662816.17,3.111155718275482,4234715.55,19.87709427585721
2019,9,10,yellow,235608,687334.83,2.917281374146888,4639776.38,19.69277944721741
2019,9,11,yellow,242990,695141.83,2.860783694802255,4730347.96,19.4672536318367
2019,9,12,yellow,260129,755558.85,2.904554471050901,5231744.92,20.112117141879605
2019,9,13,yellow,245308,740446.54,3.0184361700392977,4943295.44,20.15138291454009
2019,9,14,yellow,229822,672612.94,2.926669074327088,4308414.98,18.746747395810672
2019,9,15,yellow,203386,685241.81,3.369169018516516,4065932.74,19.991212472834903
2019,9,16,yellow,218791,680995.12,3.112537170176104,4382165.73,20.029003615322388
2019,9,17,yellow,234315,691101.0,2.9494526598809294,4623338.49,19.731295435631523
2019,9,18,yellow,242009,725039.11,2.995917961728696,4849945.54,20.040351970381263
2019,9,19,yellow,250932,764937.38,3.0483851401973445,5098723.3,20.31914343328073
2019,9,20,yellow,243898,739462.05,3.031849584662441,4916503.13,20.158029709140703
2019,9,21,yellow,233782,689533.32,2.949471387874173,4407113.43,18.85138047411691
2019,9,22,yellow,205024,695626.29,3.3929017578429845,4127855.14,20.133521636491334
2019,9,23,yellow,195977,648156.41,3.307308561718977,4383633.31,22.36810089959536
2019,9,24,yellow,211282,650231.76,3.07755397998883,4389564.25,20.77585525506196
2019,9,25,yellow,217364,676884.14,3.114058169706115,4598616.13,21.15629142820338
2019,9,26,yellow,238111,747486.96,3.139237414483161,4993813.19,20.972627010091934
2019,9,27,yellow,237265,735463.03,3.099753566687038,4875443.29,20.548514488019723
2019,9,28,yellow,232595,675928.37,2.9060313850254733,4296266.4,18.47101786366861
2019,9,29,yellow,198869,661938.68,3.328516158878458,3855366.18,19.38646133887132
2019,9,30,yellow,181186,576475.58,3.181678385747243,3507074.98,19.35621394588986
2019,10,1,yellow,210422,632431.25,3.0055376814211443,4041969.9,19.20887502257369
2019,10,2,yellow,243293,713974.84,2.9346296029889887,4868958.86,20.012737152322508
2019,10,3,yellow,256959,730447.62,2.8426621367611173,5173842.72,20.134895917247498
2019,10,4,yellow,253322,758476.36,2.9941195790337987,5061312.42,19.97975864709737
2019,10,5,yellow,235052,666416.81,2.835188851828532,4344636.11,18.483723218692035
2019,10,6,yellow,195663,658622.63,3.366107184291358,3968809.76,20.283905286129723
2019,10,7,yellow,220891,666687.28,3.0181731261119737,4280429.91,19.37801861551625
2019,10,8,yellow,225484,639062.39,2.834180651398769,4266214.34,18.92025305564918
2019,10,9,yellow,227995,633932.71,2.78046759797364,4214233.73,18.48388662032062
2019,10,10,yellow,248348,741553.72,2.985946011242289,5013089.7,20.18574621096204
2019,10,11,yellow,249081,758507.56,3.045224485207624,5042345.66,20.243798844552572
2019,10,12,yellow,228030,663740.49,2.9107595053282465,4273846.51,18.742474718238828
2019,10,13,yellow,197596,665593.93,3.3684585214275597,3953870.93,20.00987332739529
2019,10,14,yellow,182743,625253.85,3.42149275211636,3675558.88,20.113267703824494
2019,10,15,yellow,236905,736262.25,3.107837529811528,4753669.75,20.065721491737197
2019,10,16,yellow,239859,707994.52,2.9517112970536856,4950579.24,20.639539229297213
2019,10,17,yellow,256754,767923.05,2.990890307453828,5222454.53,20.340304454847832
2019,10,18,yellow,260460,807732.92,3.1011783767181145,5348853.76,20.53618121784535
2019,10,19,yellow,240152,700220.05,2.915736908291416,4531420.82,18.86896973583397
2019,10,20,yellow,213849,699995.27,3.273315610547629,4186169.8,19.57535363737965
2019,10,21,yellow,212037,678184.34,3.198424520248824,4260868.47,20.09492904540245
2019,10,22,yellow,239432,694157.63,2.8991848625079357,4668314.14,19.49745288850279
2019,10,23,yellow,244167,739894.3,3.0302796856250027,4965772.04,20.33760516367896
2019,10,24,yellow,254480,778721.02,3.0600480194907265,5278362.36,20.74175715183905
2019,10,25,yellow,252677,769063.7,3.04366325387748,5104922.5200000005,20.203352580567287
2019,10,26,yellow,244082,701016.13,2.8720517285174654,4561812.82,18.689673224572072
2019,10,27,yellow,207475,691714.76,3.33396679117966,4084191.18,19.68522077358718
2019,10,28,yellow,215646,675368.16,3.131837177596617,4308965.24,19.98166087012975
2019,10,29,yellow,237968,671311.8,2.8210171115444096,4662835.0,19.59437823572917
2019,10,30,yellow,241416,698909.81,2.89504345196673,4729168.8100000005,19.589293211717536
2019,10,31,yellow,241350,688110.3,2.8510888750776884,4684383.21,19.409087259167183
2019,11,1,yellow,276056,792374.1,2.870338264699916,5389680.66,19.523867113918914
2019,11,2,yellow,249616,677799.46,2.715368646240625,4544161.07,18.20460655566951
2019,11,3,yellow,211208,689428.13,3.264214092269232,4128686.37,19.54796395022916
2019,11,4,yellow,218546,691417.7,3.163717020672993,4440120.67,20.316641210546063
2019,11,5,yellow,229324,668062.9,2.913183530725088,4395016.03,19.165094059060543
2019,11,6,yellow,244732,727557.02,2.972872448229084,4921820.64,20.111062876942945
2019,11,7,yellow,258222,771994.8,2.9896554127843484,5306445.03,20.549933894091133
2019,11,8,yellow,269399,780510.39,2.897228237669776,5375818.2700000005,19.95485606850805
2019,11,9,yellow,244849,683246.07,2.7904793158232213,4571591.47,18.67106449280985
2019,11,10,yellow,204009,673283.71,3.3002647432221126,4056721.49,19.885012376904942
2019,11,11,yellow,187087,621704.03,3.323074451992923,3847655.69,20.566130677171586
2019,11,12,yellow,241991,696334.45,2.877522097929261,4862404.91,20.09332954531367
2019,11,13,yellow,252007,725311.19,2.878139059629296,5021005.89,19.92407310114401
2019,11,14,yellow,260966,767789.41,2.9421051401331977,5212435.82,19.973620394993983
2019,11,15,yellow,257847,762889.22,2.9586895329400766,5144116.75,19.950267988380705
2019,11,16,yellow,257993,692787.19,2.685294523494824,4634979.61,17.96552468477827
2019,11,17,yellow,209353,670885.54,3.204566163370002,4037825.46,19.287163116840933
2019,11,18,yellow,228515,679586.3,2.973924250049231,4490212.96,19.649532678379973
2019,11,19,yellow,235069,682278.27,2.90245957569905,4631925.8,19.704536965741973
2019,11,20,yellow,249603,711286.74,2.849672239516352,4914512.0600000005,19.68931487201677
2019,11,21,yellow,261117,756895.03,2.8986815488842166,5247087.58,20.09477582846004
2019,11,22,yellow,247479,696113.45,2.8128182593270536,4815153.89,19.45681811386017
2019,11,23,yellow,240269,646469.22,2.6906060290757443,4288097.73,17.84707028372366
2019,11,24,yellow,205067,586895.99,2.861971892113309,3763579.63,18.35292675076926
2019,11,25,yellow,211096,578356.97,2.739781758062682,3979210.4,18.85024064880433
2019,11,26,yellow,224681,629513.9,2.80181190220802,4421289.94,19.678076650896163
2019,11,27,yellow,208600,588160.37,2.8195607382550336,3950395.25,18.937656999041227
2019,11,28,yellow,138463,431351.8,3.1152856719845734,2532081.84,18.28706470320591
2019,11,29,yellow,164426,469168.18,2.8533697833675937,2955373.11,17.973879495943464
2019,11,30,yellow,189873,593478.5,3.125660309786015,3593982.72,18.9283506343714
2019,12,1,yellow,182577,616841.25,3.3785265942588607,3612852.81,19.78810479961879
2019,12,2,yellow,208520,659000.61,3.160371235373105,4176746.05,20.03043377134088
2019,12,3,yellow,249188,756338.58,3.0352126908197823,5000431.3100000005,20.06690253944813
2019,12,4,yellow,250790,770266.76,3.071361537541369,5110581.03,20.377929861637227
2019,12,5,yellow,272240,822516.97,3.021293601234205,5601132.78,20.57424617984132
2019,12,6,yellow,274919,800896.05,2.9132073447088054,5498937.34,20.002027288037567
2019,12,7,yellow,267692,729208.63,2.7240583581130555,4966690.57,18.55375046695456
2019,12,8,yellow,222438,719880.93,3.236321716613169,4389366.19,19.73298712450211
2019,12,9,yellow,225452,689796.89,3.059617523907528,4671984.7700000005,20.722747059240994
2019,12,10,yellow,246744,718467.29,2.9117923434815034,5045545.8,20.44850452290633
2019,12,11,yellow,267848,762825.46,2.8479789283474206,5320449.71,19.8636902646277
2019,12,12,yellow,278481,838814.56,3.0121069660048625,5847346.43,20.99729040760411
2019,12,13,yellow,278114,770337.2,2.7698612799068005,5723538.84,20.579829997770695
2019,12,14,yellow,263922,728202.5,2.759158008805632,4952727.0200000005,18.76587408400967
2019,12,15,yellow,233940,736102.92,3.1465457809694795,4554800.09,19.469949944430198
2019,12,16,yellow,236418,681806.05,2.8839007605173888,5002168.21,21.158152974815792
2019,12,17,yellow,256629,694019.04,2.704367160375484,4903800.57,19.10852074395333
2019,12,18,yellow,267234,747274.35,2.7963296212308317,5238332.62,19.602043976440125
2019,12,19,yellow,286929,805691.34,2.8079815564129103,5621717.45,19.59271265713818
2019,12,20,yellow,274892,782562.18,2.8467986700231367,5338912.48,19.421854692024507
2019,12,21,yellow,227258,637315.99,2.804372079310739,4121614.01,18.136276874741483
2019,12,22,yellow,179054,552351.28,3.084830721458331,3410370.17,19.046601416332503
2019,12,23,yellow,180867,530323.76,2.932120066125938,3461009.42,19.13566001537041
2019,12,24,yellow,164418,450302.57,2.738766862508971,2824466.19,17.178570411998685
2019,12,25,yellow,101911,346255.49,3.3976262621306828,1934888.2,18.98605842352641
2019,12,26,yellow,146941,475854.83,3.2384074560537903,2863633.91,19.48832463369652
2019,12,27,yellow,169613,539740.85,3.1821903391839066,3310285.14,19.516694710900698
2019,12,28,yellow,172026,552390.33,3.2110862892818526,3321643.82,19.308963877553392
2019,12,29,yellow,165125,557714.53,3.377529326267979,3233992.67,19.585118364875093
2019,12,30,yellow,174562,535018.1,3.0649173359608617,3319196.06,19.014425018045166
2019,12,31,yellow,169191,496247.29,2.9330596190104674,3068026.9,18.13351123877748
